{
    "Number": 15,
    "Oxygen": {
        "x": [3.751933818,4.689917273,6.565884182,7.503867637,3.751933818,4.689917273,6.565884182,7.503867637,
              4.689917273,6.565884182,6.565884182,6.565884182,3.751933818,6.565884182,3.751933818],
        "y": [1.624635,0.0,0.0,1.624635,4.873905,3.24927,3.24927,4.873905,6.49854,6.49854,6.49854,0.0,1.624635,3.24927,4.873905],
        "z": [7.197041344,9.799761344,7.197041344,9.799761344,7.197041344,9.799761344,7.197041344,9.799761344,
              9.799761344,7.197041344,12.402481344,12.402481344,12.402481344,12.402481344,12.402481344]
    },
    "Zunk":{
        "x": [4.689917273,7.503867637,4.689917273,7.503867637,4.689917273,4.689917273,6.565884182,7.503867637,
              4.689917273,6.565884182,3.751933818,4.689917273,6.565884182,7.503867637,3.751933818],
        "y": [0.0,1.624635,3.24927,0.0,4.873905,4.873905,6.49854,6.49854,4.873905,0.0,0.0,1.624635,3.24927,3.24927,1.624635,4.873905],
        "z": [7.808160000,7.808160000,7.808160000,7.808160000,7.808160000,13.013600000,10.410880000,13.013600000,
              13.013600000,10.410880000,10.410880000,13.013600000,10.410880000, 13.013600000,10.410880000]
    }
}
