{
	"Number": 15,
	"Oxygen": {
		"x": [
			1.87596690916978,
			4.68991727292444,
			7.5038676366791,
			1.87596690916978,
			4.68991727292444,
			4.68991727292444,
			6.56588418209421,
			7.5038676366791,
			1.87596690916978,
			3.75193381833955,
			4.68991727292444,
			6.56588418209421,
			0.937983454584888,
			1.87596690916978,
			3.75193381833955
		],
		"y": [
			3.24927,
			1.624635,
			3.24927,
			6.49854,
			4.873905,
			4.873905,
			4.873905,
			3.24927,
			6.49854,
			6.49854,
			1.624635,
			1.624635,
			4.873905,
			3.24927,
			3.24927
		],
		"z": [
			9.799761344,
			9.799761344,
			9.799761344,
			9.799761344,
			9.799761344,
			15.005201344,
			12.402481344,
			15.005201344,
			15.005201344,
			12.402481344,
			15.005201344,
			12.402481344,
			12.402481344,
			15.005201344,
			12.402481344
		]
	},
	"Zunk": {
		"x": [
			4.68991727292444,
			6.56588418209421,
			7.5038676366791,
			1.87596690916978,
			3.75193381833955,
			4.68991727292444,
			6.56588418209421,
			0.937983454584888,
			1.87596690916978,
			3.75193381833955,
			3.75193381833955,
			6.56588418209421,
			0.937983454584888,
			3.75193381833955,
			6.56588418209421
		],
		"y": [
			4.873905,
			4.873905,
			3.24927,
			6.49854,
			6.49854,
			1.624635,
			1.624635,
			4.873905,
			3.24927,
			3.24927,
			3.24927,
			1.624635,
			4.873905,
			6.49854,
			4.873905
		],
		"z": [
			13.0136,
			10.41088,
			13.0136,
			13.0136,
			10.41088,
			13.0136,
			10.41088,
			10.41088,
			13.0136,
			10.41088,
			15.61632,
			15.61632,
			15.61632,
			15.61632,
			15.61632
		]
	}
}